age;test_value;typ
84;5.58;a
85;5.6;c
23;2.57;c
26;4.68;a
91;7.33;top
36;1.1;top
44;3.9;a
13;5.19;top
54;6.97;c
75;6.1;b
63;9.85;ab
59;3.78;c
5;4.43;c
8;3.36;top
94;2.67;a
72;6.78;ab
84;8.36;b
57;4.41;b
90;6.01;a
58;9.95;top
62;9.8;top
67;7.71;b
94;4.1;c
19;8.07;a
35;1.78;b
23;2.92;c
28;5.08;a
95;6.05;ab
13;5.07;b
25;4.08;c
58;0.74;b
15;4.62;ab
68;8.1;a
50;9.33;top
79;7.14;c
84;2.69;c
90;6.51;a
8;7.61;top
24;10.06;top
58;6.1;a
69;0.96;top
63;1.26;ab
94;5.15;b
53;2.16;top
8;1.21;b
85;5.6;b
48;6.22;ab
90;5.28;a
26;10.49;top
45;10.93;ab
9;8.06;ab
95;6.7;top
23;10.78;ab
74;5.3;c
81;2.78;c
84;4.97;c
92;5.4;c
47;5.36;a
74;8.51;c
17;10.68;b
19;2.16;top
67;0.85;a
78;5.9;c
82;9.75;b
99;9.86;b
50;7.58;a
49;10.85;b
64;4.15;b
58;2.97;c
41;8.09;ab
85;8.42;b
8;9.8;ab
63;9.72;c
24;2.26;top
4;3.73;top
52;4.27;c
53;8.95;b
83;7.53;a
63;8.44;ab
31;6.28;ab
33;5.53;a
42;5.52;a
72;4.01;b
55;10.17;ab
5;8.0;c
98;10.22;ab
90;2.87;a
5;6.97;c
35;8.95;b
95;7.09;a
15;1.28;b
20;7.63;ab
69;5.21;c
41;9.7;a
97;5.36;a
55;8.49;top
61;9.87;c
45;10.6;top
42;6.64;ab
36;7.22;c
74;10.61;c
22;1.87;c
83;6.21;c
46;3.64;top
50;8.0;ab
101;1.29;top
33;2.12;ab
14;0.24;c
80;5.81;a
38;1.07;c
61;0.76;top
91;8.38;top
14;4.16;c
19;0.8;a
26;5.36;b
37;3.17;top
88;5.4;c
83;2.85;b
92;3.72;a
51;4.01;c
59;0.93;b
28;5.43;c
99;1.97;c
19;8.86;c
80;9.26;b
75;9.12;a
44;10.88;top
65;8.9;ab
50;7.17;top
85;0.46;top
25;4.02;top
23;4.2;b
24;5.6;top
71;11.0;c
35;1.85;top
73;10.41;ab
68;7.81;a
45;0.9;c
17;9.39;b
1;4.7;top
95;7.9;a
94;0.9;top
8;0.25;top
81;4.44;a
13;3.5;a
71;3.34;a
40;10.11;top
89;1.36;b
73;10.6;b
47;8.45;a
84;9.77;b
101;5.09;ab
2;4.54;ab
56;8.25;ab
28;0.59;ab
18;1.49;b
53;0.74;c
44;0.6;b
56;7.77;b
43;7.98;a
11;6.69;c
83;8.33;a
53;1.93;ab
89;3.92;a
30;9.23;c
22;3.55;c
53;1.78;b
89;0.71;b
7;9.25;top
92;3.36;top
8;8.97;a
57;2.1;top
96;9.17;top
73;0.88;ab
44;0.43;c
98;3.97;a
30;4.02;c
99;3.02;ab
38;8.56;ab
82;9.53;a
10;7.78;b
58;9.53;a
19;3.41;b
16;5.7;ab
64;6.52;a
12;1.31;ab
88;8.47;a
93;3.13;ab
93;7.34;b
41;8.93;top
6;4.78;c
2;3.04;ab
59;3.12;c
95;4.89;ab
97;5.54;c
9;10.01;b
81;5.77;c
98;3.99;ab
63;4.3;c
63;3.26;c
38;6.37;c
42;0.0;b
7;8.55;c
81;2.06;ab
3;9.28;ab
60;7.31;top
10;10.18;top
12;0.42;ab
54;4.31;a
87;6.36;ab
21;0.24;a
91;0.0;ab
30;7.5;b
16;1.11;b
34;5.81;c
21;10.15;top
42;6.95;b
30;3.58;b
77;9.07;c
64;7.27;b
41;4.85;c
60;5.52;a
35;6.85;ab
9;3.05;top
13;8.7;b
2;10.58;b
72;10.13;c
52;10.3;c
54;3.3;ab
95;5.55;a
42;5.41;a
20;6.25;top
39;4.02;top
33;4.55;top
90;1.82;c
12;6.73;a
86;8.37;ab
78;6.33;c
76;4.54;top
37;4.56;c
89;6.99;ab
77;3.88;b
97;10.66;ab
71;0.95;ab
69;8.57;c
29;2.17;top
76;5.77;c
84;9.85;a
54;3.14;ab
25;1.65;a
32;7.84;c
82;5.55;a
2;0.01;b
73;7.81;ab
74;10.06;b
70;6.92;b
19;4.11;top
81;8.07;top
62;6.95;ab
56;10.14;c
51;6.55;a
52;3.5;ab
41;4.67;b
14;1.69;b
26;1.67;top
28;9.5;b
38;7.44;c
4;0.12;c
91;1.97;b
66;8.23;c
69;7.54;a
11;0.84;top
83;2.52;b
54;3.42;top
12;9.23;ab
39;8.76;top
98;3.85;c
89;0.9;ab
31;9.58;c
90;5.74;top
70;6.46;c
72;4.98;b
59;5.06;top
96;10.17;b
71;3.35;b
7;2.56;ab
79;7.4;ab
3;3.93;b
84;10.31;top
89;8.48;a
56;0.01;top
8;10.77;c
20;0.73;a
35;6.55;c
15;0.04;a
6;7.76;ab
79;10.29;c
82;8.4;top
64;8.78;b
101;3.45;top
72;8.82;ab
60;3.84;top
3;10.09;b
77;2.67;a
56;8.05;top
18;8.51;b
76;3.04;a
48;10.32;top
50;8.13;c
55;10.12;top
55;2.81;a
22;8.59;top
38;4.15;c
81;2.33;c
60;1.66;a
43;10.21;c
66;2.01;a
23;1.21;ab
53;5.63;a
18;7.01;c
97;6.35;c
40;7.8;c
66;0.97;c
23;9.61;c
86;1.42;a
13;4.2;b
49;4.7;ab
45;3.16;a
71;3.15;ab
29;7.28;ab
40;3.81;a
21;9.47;b
15;10.69;b
65;8.8;ab
4;8.79;c
58;8.83;b
26;7.25;c
65;7.67;b
90;9.77;ab
68;5.45;c
49;8.97;ab
26;1.56;c
97;0.22;c
38;6.33;c
12;9.25;b
77;6.05;ab
59;5.13;top
16;4.96;c
49;9.63;top
94;7.24;top
77;9.15;a
95;9.1;c
63;1.25;b
82;9.22;ab
65;1.95;b
19;0.66;c
78;5.38;c
38;0.03;ab
91;8.93;c
45;4.41;a
95;9.71;ab
55;2.9;b
28;10.95;b
30;4.85;a
67;2.28;c
42;8.99;c
41;0.79;b
35;3.77;c
40;0.18;ab
62;7.84;b
75;8.47;ab
60;7.17;b
39;5.53;top
25;5.24;a
32;7.56;c
51;8.43;b
81;0.33;c
79;8.43;a
37;2.27;a
48;4.27;top
61;6.16;b
84;5.46;a
40;3.82;ab
62;5.5;b
29;6.8;ab
73;1.46;top
6;3.41;ab
98;7.83;b
62;7.38;b
20;1.08;a
73;7.92;ab
61;0.24;top
95;0.41;top
81;5.19;top
4;8.89;a
23;3.49;b
68;8.01;c
77;4.79;b
52;0.61;a
29;2.0;top
3;9.12;top
30;1.6;a
3;0.44;a
60;9.08;a
9;3.44;b
70;10.83;c
85;5.45;a
4;2.23;top
100;4.43;a
74;4.08;top
50;9.12;c
89;6.92;c
45;9.7;a
25;6.44;b
63;6.79;c
75;5.23;ab
12;10.48;ab
65;3.11;a
58;8.97;ab
22;8.26;b
60;6.09;top
7;7.19;c
46;7.65;c
69;6.93;ab
90;2.57;top
33;4.51;a
92;8.45;top
99;2.85;ab
73;10.88;b
66;0.5;a
74;2.01;a
73;4.36;ab
100;7.42;a
20;0.65;a
19;4.08;a
53;7.72;a
26;9.6;c
58;0.93;b
62;10.17;ab
52;8.26;top
11;3.86;top
3;1.23;c
67;10.75;c
83;0.92;c
79;5.37;top
93;2.77;top
29;6.4;top
93;9.35;a
27;3.23;top
75;8.0;ab
28;9.24;top
93;9.68;b
87;9.88;ab
64;0.35;b
5;8.69;top
45;2.62;a
5;7.19;ab
31;5.03;c
84;3.42;ab
41;6.35;b
87;2.33;b
89;4.61;a
70;5.84;b
96;9.44;c
32;2.32;c
89;3.03;top
77;5.7;b
52;2.84;a
57;5.05;a
41;6.48;ab
79;2.55;top
36;3.63;ab
79;8.03;top
29;0.09;top
91;0.12;top
47;7.9;ab
97;6.14;top
93;2.47;top
13;0.95;b
56;0.28;c
14;7.31;a
71;7.51;b
94;9.7;ab
31;6.75;top
73;9.68;ab
49;0.03;a
15;1.09;c
42;4.69;ab
100;7.83;a
56;3.11;a
77;9.4;c
94;1.65;a
85;10.07;b
91;8.22;top
56;3.85;c
98;2.88;a
39;7.83;b
80;4.56;c
59;9.39;c
77;8.85;c
4;5.84;c
3;8.08;top
85;10.81;b
64;10.31;b
14;4.33;b
25;4.21;b
92;5.94;a
49;6.42;b
26;3.66;a
29;7.27;b
6;4.61;c
68;8.22;top
70;5.17;b
42;1.95;b
30;3.52;a
50;3.41;b
95;6.84;b
93;8.52;ab
43;3.19;a
67;4.09;c
93;6.42;b
37;9.57;c
96;3.65;b
44;5.04;ab
48;4.91;c
56;7.32;ab
32;6.54;a
27;1.73;b
29;6.55;ab
101;10.11;c
11;9.87;a
31;0.08;c
26;2.82;top
41;2.3;top
95;6.37;a
88;7.55;c
2;7.95;ab
44;9.8;top
31;10.47;b
85;9.31;a
6;7.14;b
86;2.01;ab
47;9.19;a
69;1.42;c
74;0.27;a
83;0.88;ab
34;10.41;b
38;2.24;top
3;7.95;a
76;0.31;b
85;1.47;a
62;9.67;b
95;8.12;top
25;6.08;c
20;7.92;top
92;6.75;ab
86;5.65;a
91;3.17;ab
9;5.06;top
62;10.8;ab
8;10.52;ab
101;1.01;c
68;9.3;b
82;10.15;ab
70;0.51;ab
39;2.1;top
18;8.73;c
83;9.17;top
34;1.74;top
2;6.07;ab
91;10.42;top
59;9.06;top
25;5.15;top
10;9.95;c
50;1.09;c
17;7.55;ab
14;0.95;ab
68;1.44;a
58;5.47;c
35;4.75;c
49;8.67;a
7;10.37;top
93;0.4;b
79;4.56;top
34;5.17;b
70;0.51;a
18;6.32;a
39;4.33;a
68;7.87;c
98;2.62;top
33;9.95;ab
84;0.96;a
6;1.06;a
49;1.32;c
81;1.16;b
36;0.32;top
101;0.97;c
50;4.1;b
81;3.31;a
23;8.92;a
32;8.04;top
55;8.61;a
4;0.75;c
60;0.09;a
41;4.49;c
83;5.14;b
30;0.02;ab
66;4.05;b
18;4.23;c
31;10.75;a
35;2.01;top
10;0.78;top
15;10.63;b
3;2.56;b
4;6.29;b
60;1.47;a
83;4.71;b
2;5.23;c
69;6.14;top
59;2.97;a
52;0.79;c
59;7.49;c
22;2.1;ab
62;8.54;a
6;0.61;a
15;1.26;a
47;9.07;top
21;2.84;c
25;9.59;top
73;10.96;c
61;2.26;b
62;2.82;c
77;6.51;c
78;4.71;a
79;2.55;b
42;1.19;c
15;3.03;c
1;0.73;c
35;9.94;top
40;6.48;c
83;1.69;c
44;2.17;c
9;2.43;c
41;1.82;ab
41;5.23;ab
64;1.92;top
66;0.12;top
14;10.05;ab
89;1.67;ab
8;4.52;a
93;10.7;top
76;4.82;b
7;6.14;top
6;3.86;ab
86;4.49;ab
25;3.67;b
73;1.61;b
43;1.48;a
37;4.66;b
58;0.27;c
21;7.97;top
30;9.7;a
14;6.35;a
12;0.5;a
41;6.03;ab
38;8.68;b
33;2.82;top
97;0.75;top
36;6.57;c
56;5.34;a
70;2.87;top
19;2.83;c
97;7.3;ab
94;3.73;c
59;4.02;ab
92;8.34;c
53;1.48;a
53;7.07;a
72;9.4;ab
98;4.27;b
2;6.54;c
11;9.84;top
83;3.19;ab
48;9.4;a
48;6.98;ab
6;6.47;b
58;0.12;ab
43;0.55;b
78;5.28;a
31;2.43;b
22;1.37;b
47;2.84;a
70;3.75;b
45;5.09;top
97;10.78;b
16;3.56;ab
8;6.46;top
81;7.23;c
13;4.41;b
40;1.21;a
50;1.63;ab
7;1.4;c
29;1.72;top
7;8.91;ab
75;8.27;top
61;10.41;ab
31;4.85;c
89;10.16;a
90;9.86;ab
75;1.49;top
80;3.98;c
90;10.7;top
2;7.3;c
44;5.23;a
25;7.52;b
39;2.88;top
61;8.53;ab
36;4.02;c
22;3.79;ab
3;2.9;ab
34;5.52;a
12;4.73;top
4;5.33;top
39;4.81;b
79;3.48;ab
21;8.94;top
5;0.03;ab
33;5.91;c
10;4.57;b
1;3.81;a
29;9.77;top
81;8.33;top
90;5.35;a
67;0.48;c
19;9.14;c
21;2.64;c
81;3.9;top
99;6.52;b
64;9.58;b
3;8.79;a
36;4.18;a
52;8.92;b
47;0.94;b
73;9.89;ab
28;8.21;b
36;2.63;a
35;6.18;ab
3;2.45;c
32;0.06;a
60;3.55;b
43;1.97;b
92;4.23;top
17;5.73;c
28;9.45;top
43;10.21;top
17;6.75;a
12;7.42;c
22;7.48;top
89;8.73;a
12;5.09;b
49;10.82;ab
26;7.95;b
82;4.86;ab
9;9.57;a
100;5.33;a
75;10.65;a
93;2.39;ab
59;1.46;top
59;0.39;b
10;10.02;c
20;2.33;a
25;6.77;a
44;4.38;b
5;5.65;b
58;4.4;c
7;2.74;ab
4;2.64;c
80;9.23;ab
81;1.05;top
56;1.68;top
72;4.68;top
11;8.74;c
92;2.65;b
68;10.21;b
95;2.64;b
11;7.54;top
83;3.03;ab
74;4.98;ab
19;4.42;b
44;5.68;a
94;6.47;ab
73;2.65;a
30;0.23;c
91;2.57;top
90;8.95;a
65;7.43;a
68;9.42;top
74;3.82;c
73;5.15;c
86;7.61;c
62;5.72;ab
23;6.89;b
10;7.49;c
43;7.97;top
65;5.41;c
29;8.93;top
46;0.38;c
13;10.77;ab
69;0.96;top
22;5.8;top
12;8.26;c
59;3.83;top
50;8.23;top
65;9.3;b
76;8.17;ab
44;5.99;b
60;3.19;a
60;2.08;b
84;3.01;c
88;2.83;ab
61;10.73;b
101;5.62;b
81;2.64;a
80;4.46;c
85;6.22;ab
17;10.38;a
17;3.5;top
22;8.77;b
50;7.63;c
94;4.07;c
82;5.38;b
7;8.51;ab
78;2.49;ab
77;6.45;b
24;7.6;ab
22;7.03;b
78;5.06;ab
75;0.24;b
30;6.64;top
48;10.54;b
7;3.37;b
30;2.05;top
89;9.05;b
92;0.21;ab
19;9.09;ab
22;3.29;a
65;10.07;b
63;0.59;b
54;8.33;top
19;8.72;c
49;1.46;top
7;0.03;ab
40;9.89;c
98;6.8;top
55;8.32;top
26;10.07;b
2;5.46;b
89;6.18;b
101;3.97;b
64;3.19;a
2;10.94;top
24;0.01;ab
71;5.16;top
47;10.09;b
57;8.75;c
91;8.71;a
58;4.15;b
84;0.62;b
16;9.82;c
22;2.71;top
38;1.52;a
82;10.94;ab
69;5.72;b
77;3.97;top
10;10.57;b
36;3.54;b
41;2.04;c
82;8.45;top
22;5.94;a
78;5.21;top
95;7.93;b
55;0.92;a
48;0.55;c
19;4.03;c
29;2.54;ab
10;6.52;b
98;9.08;a
5;2.07;top
57;0.72;a
38;5.25;a
83;10.69;c
63;7.36;a
2;2.14;top
97;0.12;a
46;4.55;b
31;4.15;ab
44;6.84;top
49;4.72;a
41;1.49;a
81;9.79;b
97;7.67;top
61;4.38;top
35;6.77;ab
79;9.56;c
10;5.38;top
17;3.18;ab
42;7.77;ab
49;4.25;top
22;6.09;c
27;7.59;a
30;5.25;a
28;0.57;a
9;8.53;a
36;9.4;a
52;8.23;ab
37;8.35;b
95;1.25;ab
63;0.2;ab
92;3.84;ab
95;1.4;ab
36;4.66;top
14;8.62;top
36;3.68;top
57;10.33;ab
87;7.69;b
59;0.1;c
98;7.39;c
59;1.69;ab
3;4.25;top
75;9.92;top
67;1.6;c
78;3.38;ab
46;7.01;c
71;2.63;ab
51;5.43;c
74;4.04;top
7;7.06;top
67;10.25;ab
42;0.23;c
46;3.88;top
34;4.36;ab
93;3.87;c
18;2.19;top
19;3.27;top
55;6.26;top
13;1.4;top
58;10.99;b
71;3.94;b
32;3.42;a
7;3.73;c
48;10.7;b
31;1.71;b
69;1.77;ab
65;3.48;c
87;3.53;a
31;6.93;b
73;4.55;ab
57;5.19;ab
28;5.2;a
84;0.24;ab
44;6.45;b
11;9.44;b
18;9.99;a
29;8.29;a
33;9.44;top
94;4.45;ab
13;2.65;top
50;3.39;a
95;6.68;b
78;0.07;ab
94;8.99;b
73;4.38;b
45;4.87;top
52;10.21;a
93;3.56;c
99;0.13;top
54;3.66;top
89;2.06;c
18;1.81;b
12;1.52;top
88;8.06;ab
99;9.8;ab
39;6.81;ab
89;2.7;b
52;9.11;c
18;7.52;top
55;0.2;c
89;9.07;a
88;3.03;ab
11;8.54;ab
80;4.98;ab
95;6.23;a
57;0.76;c
97;2.52;a
97;8.5;top
53;10.87;top
89;4.59;top
20;4.83;c
69;9.54;ab
17;6.35;ab
94;8.21;ab
21;0.19;c
30;5.4;top
89;8.47;b
47;2.43;top
92;5.57;top
67;1.53;b
37;3.53;ab
19;4.52;c
8;6.78;b
67;7.88;b
5;9.88;c
90;10.68;ab
79;10.28;ab
20;0.2;c
60;10.49;c
82;5.23;c
56;3.22;top
70;2.89;b
39;2.13;a
96;8.63;b
92;2.53;a
65;2.08;top
89;2.34;top
34;6.16;b
46;2.79;b
52;5.19;top
18;1.22;c
46;9.05;a
58;9.09;c
16;5.0;top
91;1.73;a
31;7.48;top
59;3.14;top
63;4.98;c
44;8.97;ab
88;6.46;b
90;1.34;a
81;1.57;top
5;7.75;b
80;8.72;c
26;3.5;ab
49;8.56;top
33;3.29;b
77;9.1;top
46;7.53;ab
63;2.62;a
28;4.92;ab
78;2.0;ab
93;4.26;a
7;1.88;ab
66;0.23;b
31;5.91;ab
5;1.16;c
90;8.02;c
51;2.8;ab
101;2.13;ab
27;5.63;b
8;7.15;a
12;6.58;a
56;6.12;top
19;0.22;top
32;7.58;ab
71;1.74;b
77;9.06;c
29;10.8;b
11;7.22;a
55;0.19;a
92;2.83;ab
94;8.69;c
41;6.24;ab
48;0.34;c
14;7.08;top
90;6.14;c
49;7.13;a
87;9.79;c
24;9.33;ab
41;3.76;b
82;2.37;a
51;5.93;a
16;6.4;c
56;0.81;ab
12;7.37;b
14;2.66;c
19;8.29;top
61;7.31;c
87;1.36;top
37;9.77;top
44;0.55;b
37;10.53;c
92;4.34;ab
29;3.66;a
26;6.69;top
93;5.22;ab
99;4.31;c
18;9.37;a
68;10.11;ab
17;1.74;a
28;1.49;b
86;0.21;a
95;3.74;a
100;5.85;a
39;10.05;top
72;6.41;ab
74;9.21;c
19;10.84;a
19;3.71;top
52;1.59;top
74;9.38;top
22;1.35;c
62;3.18;a
37;7.87;ab
53;4.43;ab
63;3.91;ab
29;0.34;ab
62;5.15;b
11;8.91;top
59;2.18;top
42;10.53;ab
43;2.69;ab
37;7.47;a
85;10.42;a
61;8.46;ab
37;6.97;b
39;0.11;ab
25;7.47;c
35;0.58;c
30;7.69;top
38;6.18;ab
41;8.55;top
32;5.83;ab
23;7.27;ab
69;9.49;top
30;4.53;ab
83;5.31;ab
13;1.04;ab
15;5.35;ab
79;7.4;ab
6;1.04;c
81;5.33;a
61;5.12;top
42;3.24;a
86;8.04;top
23;1.88;top
54;10.94;b
98;1.79;b
30;4.36;ab
100;0.27;top
7;8.49;ab
64;0.57;b
19;9.68;b
92;4.59;b
75;7.02;b
64;3.02;top
34;3.79;top
68;3.16;ab
89;3.99;ab
94;2.04;top
23;3.92;a
27;4.24;c
43;8.08;a
22;8.2;c
32;6.82;a
58;0.07;a
50;3.42;a
10;6.22;ab
29;9.96;top
22;8.57;c
23;5.19;b
64;1.55;ab
80;10.37;top
74;3.52;c
43;7.13;b
28;2.22;a
65;3.02;c
51;9.2;b
24;9.43;top
92;4.23;a
43;3.45;b
12;10.73;c
87;10.17;a
83;7.24;a
94;1.49;top
5;5.46;top
92;0.19;ab
37;2.16;a
16;7.99;ab
86;6.39;a
5;4.08;c
95;7.04;a
33;7.91;a
22;9.32;ab
93;3.75;ab
69;10.36;c
56;9.39;b
61;4.19;a
70;1.68;b
49;2.54;ab
3;7.41;ab
39;3.96;a
43;10.77;c
71;4.33;a
63;2.29;b
55;0.8;c
28;2.52;b
57;3.33;b
65;7.13;ab
49;4.56;b
35;1.96;ab
99;9.92;ab
79;2.96;ab
51;1.76;a
39;3.33;c
45;6.27;a
79;1.09;ab
87;6.59;b
100;10.73;ab
6;5.17;a
28;1.02;c
70;3.66;ab
80;4.07;a
11;8.99;top
57;8.98;a
1;3.37;ab
76;8.06;b
53;2.78;c
79;9.73;a
61;4.34;a
78;4.1;top
15;8.6;a
35;7.42;c
72;1.16;top
8;0.24;b
80;10.42;b
58;0.54;top
53;2.36;top
3;4.8;b
40;2.14;a
34;1.18;ab
10;4.45;top
50;3.92;ab
77;6.73;c
60;2.34;c
17;2.41;ab
85;2.45;b
78;5.36;a
51;8.81;top
95;9.9;c
11;2.96;c
99;4.19;c
33;7.91;c
91;10.14;b
1;9.5;b
95;7.13;top
34;1.25;top
4;3.32;ab
91;2.67;c
86;6.6;a
55;1.05;a
25;10.77;a
77;0.02;a
16;8.3;b
81;7.9;top
77;9.4;a
65;10.81;a
33;9.5;ab
73;10.91;c
78;3.2;b
59;4.71;ab
93;7.16;top
32;10.6;ab
65;1.55;b
58;5.95;c
63;5.15;top
51;1.05;c
37;6.96;b
12;8.97;top
89;3.23;a
80;5.09;a
26;7.29;a
66;8.63;top
41;8.51;top
70;5.66;ab
93;3.54;top
74;0.52;c
47;2.8;b
77;4.42;a
2;7.9;b
73;7.87;a
100;10.72;c
38;1.5;b
34;4.58;top
43;7.17;top
77;9.75;b
58;0.78;a
33;0.61;a
7;1.48;top
10;8.57;ab
54;5.07;top
98;10.56;c
24;9.07;b
19;7.13;a
59;1.3;c
65;9.01;ab
96;1.72;ab
52;5.58;ab
81;4.37;c
41;8.2;ab
96;6.1;top
40;0.93;ab
58;0.32;a
88;3.01;top
63;0.76;top
36;0.94;ab
74;6.03;ab
65;1.43;c
53;3.82;c
94;10.73;a
3;3.58;b
71;9.02;top
19;0.45;c
25;5.11;b
16;4.97;b
62;4.1;ab
63;0.47;a
15;1.54;top
65;10.83;a
24;8.68;c
97;1.99;a
9;10.32;c
10;3.36;a
21;0.19;b
88;2.6;b
85;4.38;ab
82;6.5;ab
60;5.81;c
82;4.83;a
78;9.66;a
77;7.26;c
42;8.79;a
36;8.68;a
25;2.19;c
28;7.64;c
84;2.97;b
89;9.46;top
44;4.12;ab
10;6.44;a
25;6.6;c
71;10.39;b
63;4.45;top
62;10.04;b
76;3.09;b
22;7.49;ab
65;3.2;top
38;8.93;c
55;10.19;top
53;5.91;top
24;8.11;c
18;2.55;c
13;8.85;c
97;8.56;b
21;2.46;c
44;3.71;ab
68;4.74;top
31;8.82;c
2;4.19;c
65;0.57;top
74;3.13;b
40;10.59;top
88;9.67;ab
90;0.18;top
14;10.63;top
76;3.05;ab
54;2.76;b
7;4.83;ab
82;4.07;a
40;6.84;c
60;3.91;b
98;6.78;b
94;7.39;c
64;3.45;top
65;4.59;ab
62;1.21;top
46;2.36;c
95;2.28;a
81;9.18;b
39;9.3;a
8;6.6;b
92;7.36;a
45;2.12;top
72;6.96;a
24;6.07;c
100;0.84;b
14;2.05;ab
77;9.43;a
55;4.1;ab
53;7.82;top
100;4.14;top
93;3.92;top
84;0.65;c
27;1.92;top
21;10.82;c
24;7.96;b
66;4.18;c
38;7.84;top
23;1.77;ab
22;6.12;ab
4;5.61;c
58;0.75;c
91;4.68;a
45;4.25;ab
79;0.06;a
2;8.22;a
71;2.23;a
101;3.41;top
53;2.3;c
99;9.08;top
62;7.37;c
72;6.29;c
42;4.33;c
52;7.43;ab
53;3.74;c
54;6.46;c
16;2.28;a
51;2.67;c
3;0.87;ab
80;2.08;top
72;2.72;ab
2;8.17;top
8;5.39;c
5;0.76;b
2;8.92;c
66;10.17;b
90;9.62;top
63;7.64;c
27;1.81;ab
48;2.86;a
100;2.06;b
31;2.06;b
95;9.57;b
53;7.74;top
34;7.69;ab
67;10.22;b
44;0.1;top
16;9.79;ab
88;3.23;ab
90;9.76;c
89;3.9;b
73;10.01;top
10;6.55;b
34;10.21;a
86;8.96;ab
19;0.33;top
25;4.06;a
88;6.71;b
64;7.84;c
83;10.96;b
36;9.75;a
100;2.31;ab
56;7.96;a
97;8.73;b
33;2.12;top
21;0.03;c
45;5.72;b
70;10.96;top
54;5.21;a
98;0.29;ab
19;5.14;a
63;0.92;b
96;10.5;top
56;9.35;c
3;9.97;a
35;3.8;b
55;0.43;a
23;1.07;a
95;9.59;ab
25;2.99;a
40;6.64;c
87;7.95;top
46;3.02;top
61;5.92;c
14;7.32;b
95;3.37;a
51;9.98;b
29;10.69;b
28;9.36;top
24;9.41;a
38;8.8;c
38;1.52;a
69;3.92;ab
88;9.69;top
73;8.45;a
66;4.47;c
35;3.79;b
67;8.19;c
22;2.37;ab
71;7.03;ab
101;10.72;c
60;5.89;ab
38;5.38;ab
100;9.66;ab
48;5.41;b
9;10.69;ab
63;4.24;b
38;7.28;ab
66;0.95;a
41;1.03;b
54;6.54;b
67;9.2;c
45;4.94;a
21;8.16;c
91;1.78;a
41;0.15;ab
29;2.43;c
26;0.86;top
11;3.18;a
90;0.4;b
89;8.52;ab
67;7.2;c
79;0.27;a
2;0.94;ab
40;0.34;b
30;8.56;c
98;7.44;top
65;3.38;c
8;2.53;c
6;2.08;ab
7;0.07;b
49;1.08;a
23;9.6;c
42;3.14;ab
30;5.7;c
68;4.46;ab
98;2.79;top
19;4.6;ab
66;4.53;c
53;7.69;b
7;3.21;top
43;0.03;c
39;0.25;a
26;5.19;a
94;6.49;a
21;4.87;b
48;8.85;a
52;4.48;a
55;10.11;a
26;1.46;b
78;1.93;b
12;6.49;a
80;6.32;ab
5;0.48;c
75;8.78;top
26;4.38;ab
55;3.05;ab
70;6.9;a
86;1.11;a
9;10.27;top
59;6.47;top
67;0.76;c
17;1.3;top
59;1.62;c
98;10.98;top
31;1.31;c
69;10.54;a
87;0.19;ab
63;1.79;ab
63;0.32;c
45;5.05;b
51;4.57;top
16;10.44;c
81;3.54;ab
42;9.62;b
57;6.01;b
26;2.78;c
45;4.68;a
74;6.8;top
23;0.87;a
15;8.47;ab
51;4.43;c
85;4.57;a
39;3.93;a
90;1.8;ab
34;3.26;top
46;4.59;c
60;3.44;b
60;3.55;a
43;9.14;top
59;0.92;ab
4;10.59;top
82;7.08;b
69;5.36;top
93;10.1;a
60;6.83;a
64;5.99;top
36;2.13;a
38;3.96;top
27;2.13;top
26;6.95;a
91;1.58;a
48;4.48;c
17;2.31;b
17;2.44;top
54;5.4;b
6;8.54;top
19;4.77;ab
11;1.84;a
8;10.2;a
38;7.47;top
99;2.38;ab
32;1.76;c
44;4.37;b
58;5.74;a
70;10.49;top
7;10.61;a
92;4.97;a
15;1.09;b
78;3.02;c
23;3.06;a
2;10.99;a
76;1.0;c
68;9.35;ab
40;1.53;b
54;4.91;b
75;10.44;ab
44;10.34;ab
97;1.13;top
13;5.55;a
4;5.03;ab
27;0.78;a
100;6.59;b
58;1.5;a
20;6.22;a
71;5.0;b
91;1.98;ab
48;4.69;a
3;3.19;c
100;0.52;a
23;6.57;c
10;3.87;a
98;8.32;a
74;3.98;c
8;9.79;top
59;8.08;b
101;7.73;a
94;4.6;top
96;10.35;top
81;9.38;top
91;0.05;b
7;5.14;b
8;1.95;ab
42;5.34;top
17;0.43;a
65;3.87;top
40;4.01;ab
11;4.22;a
84;10.56;b
61;7.17;ab
95;7.59;c
98;4.66;ab
99;2.08;top
31;10.7;ab
20;6.16;a
48;10.43;a
77;7.79;ab
4;0.31;a
56;9.11;b
54;0.55;b
15;10.39;c
48;4.12;c
24;4.04;a
63;8.8;ab
78;3.72;c
14;10.4;ab
2;2.22;ab
94;7.38;ab
66;9.81;b
13;8.17;c
75;6.89;c
100;7.36;top
43;3.08;a
54;3.77;ab
57;0.03;c
36;10.07;b
59;3.64;top
32;0.71;b
14;2.1;c
8;7.68;ab
95;10.32;ab
50;10.47;b
48;8.59;a
30;2.49;a
94;8.15;b
7;10.36;a
8;6.57;c
5;6.74;a
87;1.18;b
99;9.25;a
46;1.49;ab
4;9.05;ab
7;3.0;ab
93;0.02;b
35;9.9;ab
20;6.62;b
50;7.35;a
87;8.97;a
7;8.95;ab
12;6.98;a
39;8.57;a
72;4.47;a
95;1.75;a
69;4.77;c
82;0.87;ab
38;1.74;top
66;7.94;c
54;7.89;top
54;9.69;b
4;10.45;a
95;1.08;top
16;3.12;c
19;1.56;b
66;2.46;b
22;3.78;c
84;6.88;a
81;6.24;top
85;3.0;b
61;4.53;a
60;8.73;c
48;6.15;top
64;4.12;a
89;0.79;top
92;2.99;ab
12;9.16;ab
83;7.16;b
20;2.68;a
4;9.33;b
10;8.52;ab
93;8.48;top
32;10.43;ab
80;8.3;top
13;9.29;b
90;9.9;top
17;3.43;c
62;6.3;c
38;6.61;c
14;5.5;top
64;3.43;c
98;7.17;top
6;1.69;c
46;9.58;ab
98;2.31;ab
41;0.65;b
80;1.4;top
9;6.21;top
36;9.5;b
95;3.28;a
51;4.74;ab
77;0.45;c
25;3.91;top
58;3.45;c
65;4.62;c
57;2.28;c
85;6.97;ab
9;5.81;c
2;2.74;a
6;7.76;a
63;1.14;ab
34;10.13;top
55;5.51;a
88;0.99;c
74;3.99;c
85;4.32;a
70;4.28;ab
82;2.92;top
91;5.74;top
29;10.3;a
36;1.26;c
100;9.01;b
90;8.76;ab
29;3.84;top
52;2.08;top
79;1.3;b
93;3.55;top
49;5.53;ab
94;8.6;a
52;3.49;top
38;4.18;ab
88;4.67;ab
69;4.7;c
11;6.99;a
74;5.05;ab
88;7.53;a
29;6.98;a
17;5.99;b
83;9.65;ab
67;9.37;a
71;2.61;b
23;8.22;a
43;9.63;ab
56;0.27;c
62;5.91;ab
17;0.71;ab
2;4.25;c
71;7.43;a
54;6.18;ab
93;6.85;b
33;10.16;ab
30;3.65;top
77;10.99;c
10;10.58;top
75;3.01;top
92;9.17;c
37;7.01;b
7;10.41;top
89;10.32;c
95;1.98;a
44;3.94;c
66;6.66;ab
84;5.68;b
6;2.32;ab
54;0.21;ab
55;3.18;a
86;5.15;a
12;7.02;b
94;8.46;ab
90;8.32;b
61;10.48;ab
26;1.82;top
11;7.03;ab
92;0.94;a
15;7.42;b
68;7.91;top
68;5.01;b
38;5.83;top
30;10.39;top
64;0.27;b
54;4.36;top
22;7.71;c
4;4.19;top
59;0.56;a
13;8.42;b
81;7.72;c
13;10.46;b
46;0.66;ab
94;8.66;top
49;1.1;c
8;3.22;top
54;3.03;b
63;5.52;a
53;9.44;ab
19;5.61;top
39;4.7;ab
58;0.74;b
46;6.71;b
25;9.59;ab
91;7.27;a
57;0.44;a
57;9.92;b
2;1.42;c
26;6.45;ab
92;4.95;top
97;3.15;top
89;4.04;top
52;4.92;ab
44;8.06;ab
52;4.36;a
101;6.53;ab
98;7.58;ab
79;9.24;c
53;4.08;b
90;5.66;top
75;4.46;a
29;1.04;c
96;2.96;top
45;1.89;a
94;4.84;c
23;6.62;a
64;3.86;ab
64;4.31;ab
45;1.38;c
9;3.12;c
71;3.84;top
51;2.68;top
51;10.26;a
44;9.49;top
22;1.26;a
15;10.26;b
11;5.75;c
34;3.85;a
63;2.91;a
75;9.17;a
15;10.52;c
37;9.4;c
79;7.77;top
4;6.63;b
96;0.79;ab
77;8.69;ab
32;1.97;a
59;6.07;top
49;3.02;ab
39;8.62;b
82;1.92;c
75;8.12;c
28;2.82;a
19;9.53;a
19;9.7;ab
37;4.94;b
6;4.17;c
66;8.18;b
80;0.25;c
44;0.41;top
60;8.24;top
41;2.53;b
63;7.91;c
31;3.08;c
7;2.36;ab
62;1.72;b
43;8.31;b
22;7.93;ab
18;8.89;c
41;3.45;b
48;9.7;top
9;7.43;b
71;4.13;top
2;2.8;ab
60;0.25;b
11;9.31;b
29;4.4;b
47;0.21;b
47;5.84;a
31;8.05;c
55;3.05;top
19;1.05;b
44;9.45;a
24;3.14;top
88;5.98;c
62;2.08;a
19;3.07;c
53;5.49;c
55;8.83;top
89;6.72;top
22;5.82;b
80;9.47;c
95;4.14;b
2;3.92;top
86;5.67;top
32;9.75;top
5;10.01;c
29;2.08;top
27;5.01;c
29;1.57;a
39;4.91;top
67;3.2;b
67;0.85;a
77;5.3;top
37;8.0;ab
55;3.32;ab
74;8.4;c
47;4.46;b
45;7.91;ab
4;8.99;top
98;8.51;c
4;8.45;top
52;6.75;c
62;7.16;a
42;9.98;a
58;2.69;c
72;9.02;c
5;4.77;b
99;2.78;a
39;2.93;top
37;7.59;top
56;4.04;a
39;9.88;b
34;3.93;b
75;10.84;top
95;2.19;ab
37;7.9;b
23;0.82;top
98;3.8;ab
5;8.02;a
71;7.03;c
16;10.73;top
14;2.71;ab
58;4.62;b
28;10.91;b
66;3.58;b
48;2.42;ab
53;10.21;c
95;9.28;c
15;5.12;c
33;3.62;ab
47;6.76;c
37;4.72;ab
3;0.57;a
97;1.67;top
44;4.0;ab
78;0.71;c
35;6.47;c
76;8.62;c
37;2.88;ab
26;1.93;ab
99;10.58;b
3;6.65;ab
11;10.68;top
36;3.4;b
72;10.02;top
84;9.11;ab
61;9.25;c
83;2.99;c
55;6.85;ab
30;0.71;b
77;1.03;top
85;8.35;a
38;9.83;top
25;4.67;c
93;7.13;b
11;1.25;b
65;6.16;c
56;9.98;c
21;4.17;top
63;0.98;c
65;1.33;ab
2;0.75;top
3;9.99;top
2;8.25;a
71;8.36;a
99;2.66;ab
52;2.38;b
74;9.66;c
27;2.22;ab
97;8.83;c
68;7.29;a
54;5.87;c
72;0.97;top
90;2.5;c
52;2.33;b
97;6.83;top
42;9.14;b
90;10.61;top
56;10.43;top
88;6.81;top
31;1.26;c
56;3.94;a
28;2.09;a
14;9.19;ab
101;5.56;top
19;1.53;a
59;8.35;top
5;8.92;top
33;9.34;top
59;2.48;top
27;2.65;top
15;8.51;ab
64;4.43;ab
14;9.33;top
3;3.2;c
41;2.75;c
42;9.78;a
44;2.74;a
63;3.24;top
9;2.44;top
94;10.14;a
67;5.0;a
10;10.74;c
58;5.05;b
10;5.25;b
42;9.72;a
15;8.07;a
16;9.94;a
56;4.19;a
78;8.71;a
31;8.82;c
41;2.54;top
89;10.63;ab
76;8.78;top
24;5.93;b
74;10.78;a
43;4.17;c
42;0.19;a
33;4.51;top
28;9.48;a
86;2.16;top
31;5.78;top
64;5.26;a
10;1.61;c
84;3.45;a
8;2.06;b
62;5.34;c
42;2.61;ab
25;3.12;b
27;0.92;b
24;8.98;c
39;9.11;b
71;6.15;ab
77;0.57;a
50;10.24;ab
61;2.87;b
59;3.47;top
43;0.87;c
46;0.81;ab
27;10.67;c
62;8.91;c
74;6.35;b
9;3.56;top
88;1.49;b
77;5.05;b
61;8.44;a
85;3.43;c
72;10.24;a
11;0.87;b
63;7.59;a
61;1.74;a
61;10.87;c
68;10.78;ab
51;6.59;top
29;5.03;b
60;10.64;b
74;9.43;c
30;8.09;ab
56;4.12;c
61;3.8;ab
80;7.35;top
76;8.08;b
25;1.77;b
31;9.05;a
38;10.3;a
7;1.93;c
34;7.41;c
56;10.5;top
34;1.94;top
47;0.31;b
81;7.59;ab
26;9.98;c
28;4.23;b
77;10.91;top
64;1.25;top
52;4.98;top
35;8.47;top
81;10.89;c
68;3.93;a
40;6.4;ab
39;2.12;a
6;3.53;ab
30;5.45;a
73;4.21;a
35;10.78;top
26;2.38;b
94;10.83;top
56;0.37;c
37;0.79;ab
61;8.94;b
1;0.34;top
50;0.7;b
95;7.48;c
86;8.75;c
83;9.96;ab
89;2.78;a
100;10.07;b
55;2.27;a
40;8.77;ab
45;8.75;c
99;0.62;top
99;2.04;ab
28;10.92;ab
6;6.69;c
17;4.61;a
82;6.97;ab
98;5.23;a
69;10.15;top
70;0.03;top
33;0.71;ab
44;2.58;ab
61;5.69;a
25;4.01;top
74;1.54;b
54;9.64;ab
49;2.7;top
28;4.55;top
25;7.15;b
92;3.67;ab
98;7.86;a
15;0.63;c
44;10.28;top
30;8.25;a
86;2.94;b
64;9.89;a
38;0.01;b
16;9.36;c
81;6.82;a
69;4.74;top
63;9.42;c
58;4.14;a
57;8.88;b
44;4.41;top
71;8.57;ab
39;4.15;c
82;3.32;c
65;3.4;ab
13;6.26;ab
21;4.99;b
13;4.85;ab
33;2.43;top
69;10.94;a
73;2.71;ab
95;5.93;top
11;3.59;ab
79;10.71;c
46;8.29;top
21;3.39;b
56;10.58;ab
2;2.37;a
92;3.05;b
22;5.31;a
60;0.1;a
14;3.8;ab
73;0.88;c
95;8.28;a
67;9.67;ab
38;8.33;c
24;0.62;b
69;4.51;b
38;5.72;a
44;7.66;c
69;10.98;c
80;3.48;b
63;1.49;b
85;3.74;top
93;2.78;a
16;0.91;top
60;6.16;top
47;9.41;a
26;9.45;top
24;6.44;top
2;5.24;top
28;7.91;c
86;5.14;top
12;2.19;b
62;10.22;ab
71;8.51;c
99;6.65;ab
93;4.11;ab
70;8.87;b
29;8.71;c
77;1.32;top
28;4.84;b
15;2.76;c
26;6.07;b
33;9.4;ab
87;8.38;top
49;1.97;a
37;7.37;ab
64;9.58;b
34;6.87;c
60;3.9;c
17;7.64;b
23;8.69;ab
92;5.31;a
35;7.73;top
43;2.55;a
72;0.82;top
52;4.93;b
21;9.01;c
47;0.87;b
70;3.37;a
35;1.65;a
56;9.29;top
55;7.11;a
64;8.53;a
16;3.65;c
40;1.9;b
64;1.68;a
63;10.62;a
71;9.25;b
42;7.2;b
21;3.98;top
21;8.0;ab
7;9.44;top
93;2.89;b
80;9.36;b
64;2.47;b
78;5.75;b
92;4.36;a
60;0.86;ab
31;10.57;b
11;3.45;b
27;2.99;b
25;8.15;b
17;4.99;a
85;9.1;a
97;0.96;top
54;2.06;b
37;4.16;c
40;9.06;a
73;9.97;a
85;9.7;c
51;2.61;top
3;7.41;top
55;4.96;ab
40;1.98;c
10;9.74;ab
73;6.44;ab
85;2.64;ab
68;10.04;b
26;5.08;c
90;2.62;b
46;8.54;b
64;5.91;c
71;6.14;b
72;7.71;ab
54;7.85;top
53;9.49;a
53;7.53;b
21;8.49;a
2;2.13;b
40;6.46;ab
34;3.8;b
8;1.17;b
49;8.85;top
72;1.99;top
70;3.27;c
94;8.46;ab
26;9.34;b
64;9.16;c
12;8.86;b
61;1.06;c
31;9.34;a
73;5.42;a
87;10.57;a
35;10.74;a
16;5.55;top
38;2.81;c
33;4.17;b
44;10.47;b
94;5.76;c
10;6.34;c
86;9.25;a
43;8.3;c
33;0.36;ab
45;1.05;b
18;7.68;top
86;1.77;ab
82;5.43;b
25;0.66;top
94;1.23;top
35;3.21;ab
80;3.67;top
39;6.56;b
76;4.69;a
41;8.13;ab
27;7.89;ab
47;3.83;c
7;2.9;top
27;1.66;top
18;1.72;a
83;2.47;b
57;1.53;b
63;1.59;b
70;9.99;b
92;2.91;c
93;7.46;c
17;7.52;b
94;3.63;a
101;9.57;b
25;8.09;ab
7;3.27;b
98;7.29;ab
72;10.12;a
35;11.0;b
10;8.5;c
11;9.96;a
79;5.56;c
85;9.75;top
86;2.07;c
67;8.19;b
7;3.33;top
65;8.69;c
30;4.8;ab
3;7.83;a
80;9.13;top
30;0.21;ab
59;6.52;ab
40;0.32;b
52;1.03;ab
32;10.6;c
90;8.53;c
62;8.98;b
13;4.18;b
47;3.68;b
84;4.12;c
10;6.73;c
16;2.16;c
58;5.66;c
42;8.41;b
59;4.38;ab
6;6.73;c
36;3.99;a
89;9.87;a
38;6.26;b
10;5.53;ab
36;0.23;top
81;4.35;a
19;5.86;c
37;5.08;b
97;6.04;b
15;0.26;top
78;9.78;c
71;4.05;b
13;4.9;top
38;7.37;c
2;4.21;top
75;9.62;c
21;4.2;ab
73;2.4;ab
15;0.59;c
30;3.49;ab
9;7.79;ab
18;10.26;a
20;3.34;b
76;8.84;top
52;6.03;ab
78;2.69;b
92;8.67;ab
46;5.2;ab
26;6.09;c
37;0.63;ab
72;3.93;b
80;2.12;ab
57;6.92;a
92;10.6;a
48;5.1;c
86;2.19;ab
99;2.21;a
92;10.82;a
14;8.09;b
74;4.57;ab
62;9.16;b
49;8.01;b
45;7.33;ab
77;5.25;ab
24;3.04;a
39;1.0;ab
40;6.53;ab
52;7.71;top
98;2.77;b
85;9.58;c
9;4.67;b
95;5.52;b
38;5.89;a
3;10.25;b
8;8.74;top
43;0.29;ab
13;1.88;b
49;8.79;a
54;6.52;ab
32;10.89;ab
73;9.53;a
92;8.86;ab
67;0.7;a
34;10.79;ab
92;9.87;ab
24;1.95;a
28;9.91;b
98;8.02;c
59;0.87;a
47;7.49;top
39;0.59;ab
58;1.16;b
48;6.94;ab
26;7.85;top
36;1.75;ab
100;9.19;a
7;10.82;a
91;10.64;c
90;9.0;b
82;2.25;top
17;9.59;top
15;0.46;ab
85;1.41;c
60;2.62;a
37;2.72;top
20;7.0;a
68;2.17;b
61;1.4;top
21;9.46;top
76;2.24;b
11;5.99;b
7;9.78;ab
85;5.97;a
91;2.03;a
27;6.74;top
85;5.81;ab
44;6.04;top
24;2.43;ab
25;8.88;b
4;2.11;c
58;5.24;top
50;10.44;top
6;8.49;ab
98;0.98;c
66;6.81;b
73;3.05;ab
33;9.11;b
59;1.7;c
69;8.85;a
58;2.94;b
14;8.61;a
12;8.03;b
19;0.26;ab
27;10.87;c
94;5.91;top
62;8.41;b
14;4.82;b
56;10.9;b
54;2.02;b
81;3.03;top
98;6.24;b
40;2.96;b
36;6.08;ab
9;0.98;c
34;7.96;top
34;9.21;ab
61;4.09;a
87;1.16;a
84;0.25;top
90;3.39;ab
10;5.58;b
54;6.54;a
18;5.69;ab
29;1.07;b
77;10.51;a
71;3.03;a
40;3.15;b
32;1.44;a
15;5.93;a
46;2.08;ab
94;5.95;a
35;2.08;c
38;5.54;ab
86;6.67;top
6;0.66;c
63;2.88;c
48;4.8;ab
94;5.39;c
51;5.77;ab
40;6.07;a
2;2.42;a
89;2.76;top
69;6.31;b
54;10.87;ab
31;10.45;a
15;8.94;top
60;6.94;ab
69;4.4;a
83;0.13;top
59;2.56;ab
39;9.27;b
11;7.88;b
59;8.34;b
16;4.21;c
25;7.37;b
69;8.98;a
36;5.27;c
52;4.98;top
91;10.6;top
94;10.24;b
32;6.61;c
54;2.93;top
21;6.52;c
81;7.62;a
35;3.44;ab
79;7.43;top
17;10.26;ab
64;2.72;a
4;0.68;b
31;5.84;b
79;8.57;b
67;0.26;b
14;6.58;c
31;10.83;b
44;5.7;ab
91;0.72;b
11;5.77;ab
65;1.37;c
47;6.59;top
22;0.46;b
93;5.88;c
14;2.29;a
61;7.14;ab
91;3.47;a
25;8.57;top
3;10.73;top
99;8.46;top
35;7.77;b
70;0.66;c
39;9.05;a
15;9.4;b
21;8.92;ab
82;8.67;b
3;9.0;c
23;10.87;c
44;0.38;a
100;9.8;top
23;9.09;a
15;2.51;a
4;7.55;c
34;1.36;ab
57;2.66;ab
57;3.97;ab
31;8.64;c
34;5.13;c
41;0.91;c
97;4.74;c
12;4.92;c
81;6.06;b
93;5.03;a
2;1.19;a
20;10.84;ab
51;3.39;b
84;7.06;top
11;2.53;top
80;1.14;ab
24;3.09;b
5;3.23;a
82;0.6;top
5;8.88;a
49;3.16;ab
85;5.86;c
58;0.8;c
79;10.05;a
95;4.2;c
71;10.03;ab
85;4.56;b
88;3.22;c
28;3.31;a
36;5.76;c
53;2.14;a
15;2.35;ab
12;9.29;a
98;8.16;c
50;3.81;b
51;4.68;a
25;9.49;b
71;3.99;a
42;8.38;a
92;9.41;ab
13;9.01;top
51;1.57;b
30;8.92;ab
23;0.54;b
56;1.07;c
54;10.86;a
34;6.07;ab
99;8.08;a
6;5.54;b
12;3.2;a
7;2.19;ab
94;1.5;top
1;7.19;a
24;2.22;b
95;7.32;c
62;10.13;c
5;2.1;ab
19;8.58;top
80;2.75;b
26;9.93;a
92;0.18;ab
47;3.73;a
64;8.54;top
17;9.72;a
88;10.83;top
44;4.97;ab
6;8.36;c
96;2.95;b
50;8.17;top
18;4.21;b
12;4.58;ab
53;3.46;ab
24;7.36;top
44;10.44;a
18;6.27;a
50;1.85;b
27;1.03;b
81;0.75;top
39;8.74;top
72;0.54;top
36;2.63;top
47;5.37;b
82;3.7;top
87;2.34;b
92;6.45;a
99;5.05;ab
12;7.15;b
22;6.45;c
32;6.51;b
23;3.9;a
49;6.56;top
42;2.06;ab
24;10.5;b
28;5.35;a
28;7.07;c
43;7.79;b
63;9.67;top
81;6.87;b
37;6.69;a
20;10.02;b
47;0.16;b
53;10.69;c
37;8.59;ab
85;7.57;c
56;0.21;c
49;6.65;a
6;5.31;ab
11;10.29;b
76;10.4;b
33;6.8;a
79;4.14;c
51;6.68;top
76;9.56;c
92;5.49;top
66;1.11;c
60;6.5;b
3;5.29;a
90;5.15;ab
78;0.46;c
99;2.91;b
59;6.1;top
99;8.74;top
79;3.39;c
25;9.75;b
90;5.56;ab
19;3.81;b
60;2.45;top
70;1.99;c
73;5.1;c
17;9.58;c
94;9.96;a
83;8.26;b
11;6.23;ab
49;8.41;c
22;8.35;a
82;2.27;b
51;4.4;b
52;3.67;b
72;10.1;b
29;1.35;top
93;8.73;ab
7;8.83;top
21;10.9;b
46;2.45;a
55;4.33;a
14;6.26;b
48;7.14;b
15;4.34;top
9;8.01;ab
43;5.11;ab
27;9.78;b
46;4.88;b
9;7.44;c
32;0.25;top
82;0.26;c
92;7.62;top
69;6.21;top
61;0.05;c
81;8.03;b
48;8.94;a
64;3.4;a
13;7.69;b
48;7.84;top
85;5.69;c
66;3.31;c
8;8.0;a
24;8.8;top
65;10.98;a
33;10.81;b
71;4.24;top
6;5.98;c
73;2.44;a
16;3.28;a
64;8.31;c
36;6.99;a
50;5.36;c
53;5.1;ab
98;1.08;a
24;7.7;ab
6;9.27;ab
56;8.25;c
98;3.09;top
37;3.31;b
59;3.04;c
24;2.33;a
5;2.74;top
71;2.19;a
19;8.54;a
32;6.24;b
17;8.56;b
100;2.23;c
25;7.28;top
70;7.19;ab
8;0.42;b
64;1.78;a
87;8.86;a
50;1.83;b
89;7.63;a
34;10.23;c
10;6.85;b
83;6.75;top
85;6.25;b
89;3.96;b
83;10.66;top
17;7.4;ab
56;1.22;b
66;7.06;c
73;3.38;c
79;4.5;ab
70;1.97;b
75;6.15;b
63;8.66;c
41;0.29;a
17;9.73;top
3;5.28;c
2;1.24;ab
43;1.16;ab
25;5.6;b
39;1.51;ab
69;3.55;ab
18;5.64;ab
6;8.23;top
91;5.8;a
75;9.53;a
93;4.72;c
49;8.52;b
83;5.39;a
50;6.63;a
88;2.04;a
37;9.84;top
50;8.65;c
80;6.62;c
18;9.26;b
63;8.54;ab
71;8.02;ab
101;9.67;c
75;7.84;top
50;5.84;a
10;7.8;top
64;4.77;b
46;3.01;a
29;1.38;a
47;1.69;c
28;2.61;b
88;1.44;ab
11;9.92;a
22;8.29;ab
42;0.3;top
82;0.23;top
54;2.12;c
38;0.19;ab
19;0.65;ab
15;0.01;b
28;3.2;top
71;5.19;top
30;1.9;top
78;3.28;top
18;3.11;ab
101;0.8;top
51;9.08;ab
73;5.35;c
14;5.37;top
59;7.08;c
49;10.44;ab
71;10.49;top
90;5.79;ab
50;4.49;a
97;8.52;top
55;9.15;ab
61;2.63;c
98;10.3;a
43;10.92;a
52;9.29;b
73;0.03;b
26;0.69;a
75;9.85;a
29;8.34;b
71;1.72;top
66;6.64;a
68;3.91;top
9;4.11;c
35;6.31;top
55;10.24;ab
90;8.66;a
37;2.9;top
95;6.72;b
77;7.93;c
5;5.16;ab
94;7.49;b
61;10.47;ab
41;4.96;b
20;9.31;ab
44;3.72;top
20;1.03;b
14;4.96;top
32;7.73;ab
65;0.03;b
98;5.32;ab
48;6.38;c
99;3.51;b
88;0.94;c
78;6.08;ab
70;9.34;b
27;0.19;c
57;7.54;ab
29;1.76;top
21;6.03;top
45;7.58;a
79;8.32;top
93;2.14;top
62;7.72;c
29;2.42;a
24;3.99;c
21;3.77;b
94;10.01;ab
72;10.07;c
1;2.11;a
55;2.96;ab
48;9.93;a
27;3.47;c
11;8.68;a
15;7.96;ab
39;4.02;top
63;0.3;b
63;1.97;a
29;3.52;ab
10;9.43;c
15;4.99;ab
95;9.24;ab
94;10.97;c
92;9.7;ab
19;6.05;b
47;2.3;top
92;4.51;c
55;4.77;ab
60;10.76;b
59;1.79;top
77;8.38;top
36;6.45;top
68;3.26;c
15;1.76;b
8;9.02;top
70;10.29;a
53;0.73;ab
36;10.99;b
2;1.52;ab
50;10.53;a
57;10.9;c
5;4.09;ab
23;7.88;top
96;6.82;ab
64;5.25;a
78;7.22;c
40;6.81;b
14;8.65;top
94;2.74;ab
91;7.1;a
11;3.27;ab
66;2.73;b
77;9.72;a
5;1.61;b
85;6.91;top
92;4.86;b
82;4.46;ab
26;7.11;b
25;9.98;top
48;1.87;a
39;3.47;ab
78;5.33;top
83;3.51;b
53;9.91;a
96;7.54;b
54;2.42;b
7;6.87;b
60;4.86;b
80;2.11;b
42;1.57;top
35;0.87;a
89;0.89;b
61;2.49;a
9;1.23;a
10;9.07;ab
94;5.33;ab
49;4.98;ab
1;1.86;a
40;2.98;c
55;10.4;a
60;4.9;ab
71;6.7;c
63;2.32;c
100;8.5;c
26;3.17;b
66;5.12;ab
9;7.52;b
14;9.95;a
53;2.83;a
18;6.39;ab
56;9.07;ab
89;0.66;ab
44;10.68;ab
28;7.96;b
26;2.42;c
9;10.88;top
30;7.02;ab
34;4.76;ab
76;5.71;ab
94;7.06;a
90;3.04;a
6;5.78;ab
72;3.22;c
25;3.54;b
56;0.4;c
10;5.25;top
48;4.58;c
45;1.62;c
15;0.08;c
23;1.07;top
97;5.01;top
91;4.05;c
70;1.45;a
5;2.24;a
38;9.13;b
9;4.14;a
21;1.26;top
53;2.53;b
62;8.21;b
66;5.13;ab
70;4.89;b
95;10.61;c
54;1.75;c
41;7.25;a
66;10.09;c
97;9.42;top
23;2.88;ab
73;1.75;c
44;3.14;b
88;6.34;top
16;2.89;c
97;2.9;top
31;10.06;top
35;8.71;top
85;4.94;a
2;8.69;top
99;6.22;a
22;3.51;top
21;8.77;b
64;3.61;a
17;7.74;c
99;1.41;ab
97;6.86;ab
73;9.91;b
25;10.32;top
27;9.41;top
69;0.42;a
45;9.16;c
5;5.37;b
24;8.77;c
27;2.25;ab
70;9.97;ab
65;8.8;top
83;6.12;c
100;7.24;ab
67;1.21;top
32;7.58;b
28;8.66;c
61;1.99;b
22;6.14;top
21;7.03;ab
24;8.12;a
77;10.97;top
44;4.22;b
44;1.62;a
59;5.72;c
98;3.2;a
66;7.58;c
57;2.44;ab
52;3.38;top
91;3.17;ab
58;9.32;a
64;4.78;b
76;9.84;ab
60;4.74;top
54;8.22;top
42;1.52;ab
88;3.52;top
4;4.04;a
96;8.52;c
27;8.23;top
100;5.29;a
99;8.67;ab
43;6.75;c
97;2.08;top
40;10.4;a
18;3.84;a
10;1.88;ab
38;10.08;ab
92;4.24;b
23;2.04;a
26;2.23;a
73;1.31;c
4;3.8;b
84;8.56;c
31;4.95;b
97;10.92;c
7;2.91;a
13;1.8;a
48;3.88;top
37;2.26;ab
81;10.56;top
27;8.3;ab
100;7.25;top
46;10.44;b
71;0.09;ab
65;2.99;c
62;5.47;c
88;2.03;c
31;7.78;ab
27;5.82;ab
62;7.98;a
77;10.71;top
39;6.37;a
19;1.03;a
74;6.85;ab
78;0.35;ab
38;6.45;c
5;0.75;a
70;2.72;top
75;9.41;top
71;5.64;ab
16;5.36;a
20;0.14;a
75;0.99;top
21;2.19;a
62;1.14;ab
55;3.49;ab
8;10.74;c
87;6.33;top
38;6.05;ab
40;3.03;top
14;0.46;a
41;7.44;b
33;1.53;a
11;9.69;b
59;4.31;top
50;0.97;c
78;8.87;c
83;1.74;b
1;2.57;a
67;5.67;b
90;10.35;b
33;1.41;b
10;5.73;top
19;4.46;top
96;1.33;b
1;7.09;b
3;9.24;c
39;9.13;top
56;10.96;top
80;4.68;a
54;10.11;ab
33;0.61;c
1;9.13;top
83;9.24;ab
89;4.26;ab
75;5.55;ab
72;4.92;a
95;3.04;top
73;7.31;ab
64;0.44;a
18;6.58;c
74;1.55;c
60;1.25;b
91;8.44;c
78;10.91;c
35;9.06;b
38;9.1;b
2;8.78;top
86;5.45;a
36;2.03;c
26;7.52;a
58;7.31;b
40;2.91;top
69;4.18;a
72;6.03;b
11;3.58;c
40;8.8;ab
94;1.05;top
77;8.23;a
70;10.51;ab
92;2.06;b
91;5.52;c
39;2.28;ab
11;10.53;top
19;0.26;a
18;5.53;top
95;9.37;ab
57;9.92;top
32;8.67;c
86;0.97;a
100;2.13;ab
38;3.38;c
58;7.2;b
98;9.41;a
68;2.07;c
99;5.34;top
21;0.01;b
18;0.29;b
84;8.51;ab
24;9.56;b
18;1.42;b
53;5.65;ab
35;7.72;b
90;5.76;ab
49;10.25;ab
77;9.49;b
36;6.08;ab
62;8.6;top
87;5.78;c
27;1.42;top
41;0.48;a
7;2.18;top
93;1.08;b
42;0.15;b
75;0.42;c
83;2.75;ab
19;5.2;top
31;8.94;ab
19;9.47;a
21;5.46;c
46;1.59;top
100;0.13;a
30;8.83;b
20;1.34;top
56;8.74;ab
59;6.38;c
86;10.49;ab
16;0.65;top
41;5.82;c
88;3.13;c
90;8.08;a
94;1.52;c
76;3.99;ab
55;6.51;ab
63;8.34;a
56;10.37;ab
38;7.47;top
88;10.68;c
21;9.88;ab
69;3.62;c
27;7.55;ab
61;7.38;c
4;7.65;a
48;8.64;ab
20;1.37;ab
41;3.0;ab
10;5.33;ab
46;0.89;c
90;7.83;b
4;6.7;a
59;9.44;top
65;9.82;ab
37;1.14;b
23;9.21;ab
70;4.0;c
14;3.91;b
29;3.88;b
74;8.35;c
42;6.01;a
59;7.94;c
63;1.5;b
31;7.51;c
69;8.03;a
48;6.33;ab
65;2.65;a
32;4.49;b
30;1.67;c
29;3.16;top
10;0.83;ab
37;1.64;c
27;3.82;c
61;7.3;b
34;2.18;ab
17;4.87;a
69;9.81;b
95;10.62;b
46;1.41;a
47;4.34;c
30;9.87;top
97;8.26;ab
84;10.26;ab
80;8.69;a
14;9.74;a
10;2.47;ab
69;3.86;b
33;10.1;ab
18;10.05;a
93;0.42;ab
41;5.04;b
16;1.69;ab
70;0.94;b
83;8.18;top
90;1.29;ab
71;6.86;a
86;9.09;a
64;3.48;ab
17;8.08;c
23;5.8;b
71;6.05;b
46;5.12;c
75;0.63;ab
40;10.07;b
59;6.54;a
73;7.2;ab
95;0.35;c
60;0.01;top
62;6.2;ab
30;0.42;b
84;10.66;c
42;3.61;top
84;4.85;top
13;8.15;b
46;5.68;ab
35;3.76;c
14;1.25;ab
76;2.01;top
79;2.26;a
80;2.19;a
93;2.04;c
74;4.26;c
30;6.15;top
84;9.58;top
43;2.21;c
64;5.08;top
29;0.36;a
44;9.5;top
81;7.38;ab
36;7.65;b
23;2.97;a
87;1.29;top
67;5.62;b
81;10.59;a
78;5.04;b
73;9.89;c
57;8.73;ab
28;4.15;top
33;8.25;ab
73;8.41;b
59;10.16;b
91;4.25;a
15;0.41;ab
14;9.82;c
14;6.88;c
23;8.16;ab
44;6.24;c
60;4.11;c
46;4.12;ab
60;0.58;b
4;1.62;b
59;2.76;top
65;1.51;top
4;9.26;ab
39;10.57;c
90;4.38;top
99;6.24;a
77;3.45;ab
17;2.58;a
82;5.95;a
2;0.2;ab
50;2.99;a
59;2.87;a
91;10.81;top
68;0.25;ab
25;9.57;top
30;5.93;ab
49;9.59;c
24;1.02;b
12;1.56;a
43;0.34;c
36;0.5;top
14;10.89;b
57;5.59;top
17;8.64;a
32;8.84;b
78;9.2;b
94;7.62;ab
96;4.85;ab
38;1.58;b
82;7.62;a
18;8.16;c
9;3.87;top
96;3.29;top
76;5.38;c
29;1.0;ab
44;3.88;top
29;6.95;ab
66;4.75;c
70;9.53;top
52;4.46;top
87;2.26;ab
30;2.93;b
70;9.54;b
16;7.01;c
78;6.56;ab
25;0.32;a
65;10.09;c
32;5.73;top
97;8.49;a
54;1.79;a
54;5.78;top
11;2.28;top
6;0.9;ab
90;1.36;c
18;0.53;a
90;2.82;ab
25;7.75;b
85;9.51;a
101;8.85;b
95;3.03;top
21;1.05;c
8;8.97;b
38;8.92;a
15;2.39;a
18;2.84;ab
77;2.73;b
80;1.2;c
77;3.74;a
60;10.0;a
95;1.65;top
47;9.34;ab
22;0.93;b
11;9.39;a
7;10.82;b
5;6.52;top
24;4.18;ab
55;1.42;top
18;10.59;ab
60;5.56;b
7;1.26;ab
40;8.17;c
59;8.04;a
4;4.44;top
51;8.71;top
92;0.74;c
82;6.13;b
59;9.12;a
90;6.79;c
62;2.22;c
20;4.84;b
12;6.53;a
42;5.8;top
11;9.75;b
54;8.18;b
21;5.55;b
28;9.92;b
37;8.34;top
50;2.67;b
46;1.99;a
61;10.74;a
89;0.43;b
86;7.86;ab
43;2.03;b
29;2.2;b
32;10.54;c
65;4.87;c
99;9.68;top
86;0.57;b
62;5.3;top
81;3.04;ab
23;8.06;ab
26;0.6;c
73;1.8;a
99;1.21;b
10;10.82;b
25;0.12;c
35;2.03;a
50;10.17;ab
35;9.68;b
49;7.6;top
26;9.82;b
71;8.39;c
62;10.1;a
72;5.46;top
34;4.61;b
17;2.91;b
58;8.65;b
66;9.34;top
27;2.0;top
39;7.18;a
54;10.35;b
35;3.25;top
38;3.68;ab
16;3.13;b
3;0.2;c
21;6.6;b
35;5.48;b
57;1.69;c
100;5.66;ab
100;3.56;top
56;3.49;b
34;10.73;c
95;4.76;c
36;6.91;ab
41;7.44;c
8;8.05;a
98;9.14;ab
79;3.72;ab
87;6.99;a
46;8.75;top
51;5.18;a
11;5.33;a
97;4.35;b
58;0.34;c
33;11.0;b
82;9.47;c
22;9.61;c
94;5.31;a
9;4.01;c
88;3.53;a
98;7.59;ab
77;5.98;b
48;4.36;top
80;9.23;ab
31;7.08;c
66;7.93;a
59;8.27;b
18;6.45;ab
87;10.92;ab
78;4.27;ab
42;7.35;b
94;5.64;ab
88;0.99;top
7;1.61;b
24;2.2;c
90;2.27;c
17;2.42;a
24;7.42;top
48;9.95;c
64;0.21;a
86;7.39;c
38;2.23;c
38;1.58;top
55;7.98;top
27;4.25;top
62;10.74;top
31;5.11;b
58;2.29;c
89;8.11;a
10;3.86;a
82;8.03;a
21;10.24;a
80;2.82;ab
15;4.33;top
63;10.6;b
51;2.13;b
67;4.18;c
52;1.27;b
13;0.81;top
41;4.86;ab
20;5.82;ab
100;7.92;top
22;10.17;c
46;1.21;c
81;0.87;ab
74;5.39;ab
45;4.67;a
72;8.53;ab
80;0.67;top
18;2.21;top
73;6.44;b
70;6.7;ab
39;6.89;c
46;1.97;b
33;8.16;c
27;4.25;top
17;6.87;ab
52;4.34;c
65;4.02;a
6;6.22;ab
10;9.22;a
40;2.21;c
9;1.98;top
90;1.9;ab
97;7.69;b
47;6.89;top
9;5.48;top
3;5.67;c
3;6.1;top
52;3.53;top
7;10.9;ab
40;10.6;b
2;8.76;ab
98;6.02;c
81;3.51;ab
20;3.42;a
5;4.61;b
74;9.37;a
56;3.55;ab
29;5.18;c
95;9.08;a
18;3.08;top
99;7.83;a
49;5.51;a
95;10.4;top
63;3.12;a
58;4.85;top
62;2.44;top
1;10.86;b
15;7.4;b
25;2.45;a
78;10.23;ab
97;4.12;b
47;3.02;c
23;9.42;ab
44;10.5;ab
48;7.81;ab
44;1.6;a
47;3.6;a
19;0.73;c
25;8.88;ab
31;5.33;c
9;9.44;c
22;10.95;a
23;1.3;top
77;6.95;b
77;3.96;a
88;6.05;c
61;1.42;top
45;8.29;a
99;10.63;ab
95;1.16;ab
89;5.81;a
42;1.41;ab
38;6.65;a
48;5.04;ab
26;2.42;b
84;1.46;c
93;8.63;c
21;3.27;b
17;5.47;c
81;3.6;c
59;0.5;top
99;8.83;b
83;10.4;ab
100;2.84;b
42;8.47;a
86;1.39;c
82;9.76;top
77;9.44;a
63;3.03;c
40;8.18;c
35;4.79;c
74;6.37;top
85;4.53;top
79;10.53;ab
65;5.25;ab
99;6.87;ab
69;0.75;top
62;0.29;top
55;1.62;ab
48;10.19;c
34;3.48;a
22;7.71;top
27;6.69;ab
21;8.06;top
72;1.16;a
32;1.59;top
3;2.37;ab
40;10.29;top
61;7.8;a
10;5.71;top
89;3.96;top
53;5.8;ab
52;4.09;b
100;7.91;b
91;6.43;ab
9;8.88;c
41;9.22;b
99;0.16;ab
79;8.41;ab
47;2.38;c
52;7.76;top
90;6.72;a
22;4.73;top
11;10.24;top
82;8.78;b
16;4.15;a
89;6.11;top
16;6.58;b
88;0.04;b
21;2.67;b
75;3.96;top
98;9.23;ab
20;2.79;top
9;0.21;a
98;10.51;ab
34;4.27;ab
29;6.61;ab
18;7.21;top
79;9.94;top
19;0.24;c
3;6.38;b
14;1.87;c
4;10.88;b
37;6.97;ab
6;3.24;c
40;8.56;a
22;8.69;top
53;0.95;c
32;10.05;b
77;10.47;b
25;9.3;top
13;8.13;top
94;5.94;top
6;4.71;a
43;5.55;top
47;8.31;a
4;6.7;b
80;4.64;ab
3;8.35;top
93;6.4;ab
23;3.3;c
38;5.82;b
75;6.97;a
93;2.51;b
94;6.7;ab
25;1.06;top
83;10.37;c
27;2.46;ab
59;0.65;b
96;0.55;a
62;5.44;top
98;4.13;a
53;2.44;b
25;4.79;top
92;0.46;top
65;7.96;c
14;5.41;ab
39;1.93;a
23;6.1;a
2;3.21;a
44;8.96;a
51;8.88;ab
95;6.96;ab
20;6.05;ab
31;3.28;b
69;2.06;b
101;1.35;top
88;7.56;c
87;10.01;a
88;4.72;ab
52;2.77;ab
39;0.96;top
94;7.62;ab
11;6.37;a
45;9.3;a
35;6.99;b
45;2.15;a
44;8.48;top
41;5.06;b
51;8.11;top
15;0.65;a
65;9.72;c
93;5.15;b
69;1.8;top
22;10.42;top
66;10.3;top
101;4.91;a
29;1.39;a
41;2.91;a
101;8.08;a
75;4.37;a
52;2.08;b
99;3.92;ab
16;5.74;a
26;7.26;c
29;9.95;c
45;1.39;b
25;7.02;a
22;5.91;b
71;3.4;a
84;2.96;a
54;4.83;a
83;10.83;a
34;7.06;a
31;6.05;a
85;10.76;top
98;10.09;ab
69;10.27;b
97;9.24;c
67;2.36;a
84;10.37;c
82;3.58;b
30;9.05;a
55;8.09;a
28;6.65;top
71;2.94;ab
71;6.5;b
23;2.9;a
77;4.79;top
5;10.49;ab
4;6.16;a
49;4.81;c
65;4.38;a
50;7.05;c
90;4.21;top
64;6.97;b
98;5.75;top
40;7.96;b
38;9.11;b
20;9.06;ab
37;8.94;a
91;7.54;ab
36;8.73;ab
16;7.94;ab
35;8.05;b
56;3.55;ab
53;10.0;b
90;8.12;c
40;9.26;c
3;9.44;c
84;4.54;c
55;5.13;a
54;4.44;ab
54;8.99;top
94;2.66;c
58;8.17;ab
15;0.15;a
14;8.99;c
95;5.95;b
72;5.55;ab
43;6.37;c
83;6.91;top
43;0.1;b
48;10.52;b
65;2.47;c
21;1.55;b
62;8.8;ab
5;8.95;b
12;10.01;a
27;1.35;a
10;9.85;ab
25;6.68;b
53;9.5;b
30;9.82;ab
57;1.75;ab
70;3.48;c
10;1.27;a
14;3.13;c
45;5.52;ab
58;9.06;b
53;7.91;ab
36;5.95;ab
28;9.47;a
53;10.57;c
5;5.13;a
86;10.99;c
34;10.09;a
56;1.45;a
69;1.86;c
7;7.92;b
92;8.42;b
7;8.54;top
76;8.94;c
93;4.61;b
7;10.49;b
33;2.02;top
10;1.8;a
100;3.75;a
85;6.65;a
2;4.34;ab
66;6.99;ab
61;10.41;b
34;5.97;b
63;2.31;b
40;5.3;top
84;6.06;b
6;7.03;top
90;6.08;a
52;7.05;b
70;3.21;b
39;8.68;c
61;7.59;a
73;8.62;c
94;0.44;c
20;2.61;a
22;0.71;a
75;4.32;c
8;1.68;c
93;2.01;a
46;8.22;top
54;10.35;top
90;2.1;a
53;9.36;ab
67;8.35;top
82;5.17;top
37;10.67;top
29;5.28;c
40;8.43;b
80;1.73;ab
57;6.46;c
37;10.05;b
94;9.95;b
35;7.34;b
39;3.25;a
39;8.07;ab
40;8.09;c
99;4.07;a
92;3.92;c
68;1.52;ab
64;6.5;top
28;8.02;a
71;2.75;c
87;10.88;top
31;8.88;top
64;4.83;top
48;9.57;b
95;8.08;c
64;6.58;c
71;1.29;ab
92;6.43;a
2;1.55;ab
75;6.44;c
59;6.84;top
60;3.17;b
28;0.32;a
66;2.46;ab
82;3.46;ab
14;9.14;a
3;4.95;ab
34;6.96;b
72;9.11;top
24;4.93;ab
82;0.01;c
29;6.54;b
51;1.8;b
15;0.69;a
85;2.37;a
72;7.74;b
51;1.88;top
65;6.7;ab
32;2.44;a
14;10.42;a
4;8.18;a
74;8.11;b
44;1.24;top
94;2.15;ab
3;3.17;ab
49;5.9;ab
11;7.85;c
51;4.14;c
41;3.03;a
79;1.69;ab
68;7.61;ab
60;3.57;a
76;10.57;c
97;4.82;ab
13;2.29;top
22;6.21;top
82;6.25;c
49;10.9;ab
63;5.83;b
33;5.82;top
82;5.66;top
27;2.7;c
43;3.57;a
88;10.72;c
76;5.48;b
23;5.05;b
40;6.04;a
13;6.44;a
5;5.49;top
11;8.22;ab
69;1.65;c
31;0.3;ab
22;0.27;b
78;5.89;top
43;10.93;top
96;10.52;a
51;1.77;c
56;0.69;ab
29;8.1;a
55;8.1;ab
58;2.62;ab
8;8.88;c
43;6.23;c
21;9.43;b
80;2.18;a
95;10.7;a
25;0.05;a
80;3.64;a
56;10.42;a
20;4.49;b
61;2.48;b
41;5.99;b
84;3.3;top
12;6.48;ab
85;6.13;ab
12;3.75;b
85;3.25;ab
11;6.06;c
60;1.55;c
81;3.6;b
45;10.71;b
66;9.65;a
11;9.95;top
2;7.23;c
82;10.12;top
50;1.78;c
76;3.46;a
31;8.84;b
35;1.66;ab
58;5.78;top
87;6.57;c
72;0.74;a
93;1.57;b
40;1.23;a
8;3.89;top
10;9.03;top
4;0.97;c
90;7.24;a
79;8.54;b
47;8.37;c
22;7.59;top
90;5.94;a
47;10.0;ab
73;7.13;a
3;0.49;a
72;9.95;a
92;6.85;a
36;3.4;c
40;5.06;top
66;8.62;ab
70;3.03;a
90;9.76;top
100;2.72;a
23;3.38;top
27;2.47;ab
32;6.77;c
15;8.99;c
53;4.38;b
69;7.12;b
67;6.53;c
27;7.09;c
9;6.4;c
84;3.9;c
55;3.77;a
97;10.11;c
92;8.56;ab
47;5.92;top
35;1.39;ab
21;10.35;b
86;2.46;ab
67;7.17;a
13;3.36;ab
21;6.47;ab
28;9.65;a
43;9.4;c
85;2.38;top
100;4.59;b
78;10.62;c
45;7.93;ab
14;3.78;c
74;2.31;b
40;5.74;ab
35;1.56;ab
77;8.42;ab
29;0.44;a
55;0.81;b
2;6.99;ab
82;1.79;ab
66;1.88;top
74;9.09;b
62;5.24;a
78;9.42;a
19;3.86;c
53;0.04;c
52;3.94;a
40;7.17;ab
74;3.61;a
62;2.23;b
29;5.78;c
90;5.43;ab
19;7.08;top
85;9.87;a
39;6.15;top
88;1.83;a
95;0.22;a
47;5.21;c
28;2.94;ab
2;6.24;b
45;10.18;ab
4;4.66;ab
98;3.98;b
43;3.21;c
62;1.16;a
83;6.3;b
45;9.59;c
27;5.89;a
95;1.85;a
50;5.23;top
17;5.29;b
88;6.33;top
68;5.93;a
53;3.89;b
88;2.56;a
72;3.61;b
3;3.68;ab
53;2.31;c
39;3.15;a
72;8.07;b
66;10.88;ab
58;10.9;a
82;7.45;ab
86;10.8;a
80;7.68;ab
16;10.28;a
74;2.91;a
19;9.09;c
65;10.8;c
22;5.24;a
6;3.46;a
44;5.38;b
96;10.44;b
58;3.79;c
62;4.38;b
99;10.05;b
3;0.89;b
67;7.95;top
90;6.19;top
5;4.09;ab
45;6.35;a
34;6.69;ab
24;10.48;b
95;7.41;c
25;6.74;c
10;8.26;c
47;3.61;a
15;5.3;b
50;0.5;a
18;8.72;ab
84;1.92;b
36;5.51;a
26;4.53;b
24;5.38;c
76;3.74;top
75;5.7;ab
60;2.77;b
60;1.63;top
68;4.35;b
30;6.36;a
9;1.25;b
24;7.24;top
94;1.71;ab
56;8.49;a
80;8.45;a
7;8.07;a
74;0.61;ab
60;4.54;ab
100;5.26;ab
17;2.9;top
36;3.51;a
83;6.47;ab
85;4.08;c
100;9.76;top
27;1.36;c
83;3.89;b
84;2.68;a
74;1.94;top
89;1.99;c
62;0.66;top
85;3.89;c
31;0.58;b
96;4.89;b
84;6.38;c
99;0.27;b
71;3.53;b
98;9.66;b
79;4.75;c
64;1.38;ab
80;4.89;b
2;5.25;c
39;0.61;b
39;8.14;b
48;10.45;top
95;10.76;ab
36;8.14;b
66;6.56;ab
8;0.77;b
84;10.57;b
34;10.63;c
33;0.82;a
38;5.84;top
8;3.02;c
67;1.79;b
64;9.31;ab
38;6.48;b
58;10.77;a
95;1.35;ab
18;5.29;a
13;7.86;b
90;2.76;ab
87;6.62;c
69;6.32;ab
80;5.84;ab
34;10.33;c
65;9.18;top
96;2.34;b
5;10.04;c
28;7.76;c
20;10.82;c
26;9.31;a
49;3.85;ab
28;10.58;top
94;8.45;top
84;9.81;ab
40;10.66;c
77;0.25;c
63;8.62;ab
50;6.74;a
37;9.21;c
28;1.97;ab
90;2.88;c
41;1.28;top
41;4.7;c
65;6.89;top
25;2.98;c
47;5.72;c
63;4.12;c
55;4.89;top
65;6.86;c
3;6.6;c
57;9.9;ab
29;0.78;c
5;10.77;b
74;5.57;b
82;5.9;b
81;10.46;top
48;9.95;ab
78;3.76;a
52;0.32;c
23;3.43;ab
47;9.88;top
86;7.49;a
79;5.97;top
43;2.85;ab
99;6.92;top
60;3.78;c
23;6.08;a
51;6.82;ab
25;9.78;a
26;10.89;a
10;0.6;b
8;2.65;a
83;0.21;a
100;3.86;a
76;10.57;top
79;7.36;c
19;9.01;top
94;1.8;b
39;9.05;b
44;4.66;a
47;1.91;top
93;1.44;b
30;2.8;a
69;3.03;b
9;10.18;top
62;5.03;a
15;7.5;top
26;2.81;top
58;8.01;top
30;8.75;top
90;3.32;b
89;3.32;a
63;9.84;a
70;7.31;top
47;4.25;a
66;8.47;b
41;5.37;b
56;7.08;c
29;3.18;top
49;2.39;top
47;1.85;c
69;10.22;b
21;8.89;top
70;1.89;top
85;5.86;a
98;0.58;b
54;8.47;c
12;9.06;top
27;10.7;b
41;9.18;b
13;10.61;a
10;9.04;ab
43;3.17;c
4;9.86;a
79;8.97;c
33;6.98;ab
89;6.23;b
65;3.05;ab
43;4.5;c
42;1.55;ab
95;0.91;a
39;0.02;b
73;8.38;b
65;4.63;b
55;2.39;ab
67;6.94;c
25;5.07;ab
23;10.09;c
18;7.29;a
7;1.57;ab
25;0.52;b
4;4.55;a
20;4.34;top
12;7.59;ab
64;8.6;a
81;5.84;top
12;2.11;a
18;0.68;top
82;7.25;top
97;7.34;c
76;7.58;ab
74;9.95;top
41;8.91;ab
84;6.43;ab
30;2.39;ab
86;0.38;top
99;7.35;a
81;0.89;ab
66;10.49;ab
61;4.32;a
46;5.8;c
60;4.83;a
70;1.18;b
77;5.15;top
64;4.06;a
96;6.45;a
21;1.87;top
7;2.73;a
8;0.99;ab
16;1.89;c
68;5.14;c
74;0.3;b
42;5.62;a
26;10.87;a
26;5.82;top
21;6.82;a
61;8.69;b
8;4.77;b
49;0.24;c
11;8.9;a
85;1.41;a
12;10.64;ab
67;2.72;a
11;1.01;b
12;9.7;a
14;7.94;a
90;5.23;ab
6;0.42;b
61;5.23;a
92;8.24;c
19;6.52;ab
51;9.17;a
48;8.13;ab
53;6.16;b
30;9.26;c
70;8.89;b
59;6.01;c
14;10.16;ab
100;7.06;ab
38;0.5;b
41;9.66;ab
7;1.03;a
97;8.22;top
24;3.88;a
1;7.76;a
80;10.25;a
70;2.82;c
79;2.08;c
94;3.38;ab
96;6.48;b
85;2.27;c
78;3.89;b
37;9.96;ab
62;7.82;top
7;8.61;ab
76;5.45;c
83;8.21;c
44;3.8;b
35;4.09;c
23;8.6;a
46;0.11;c
38;10.96;ab
11;10.74;ab
42;2.9;top
43;1.91;a
7;5.71;b
84;8.27;ab
87;8.58;c
18;7.8;ab
14;8.69;c
96;7.08;a
6;4.92;b
46;2.61;c
96;3.89;ab
9;4.51;ab
4;0.77;a
45;5.88;ab
66;5.29;c
8;5.62;top
59;0.2;a
28;0.01;c
46;3.59;top
33;6.9;b
46;4.46;c
89;5.24;c
53;1.51;a
32;8.97;b
82;6.85;a
2;6.0;c
96;7.66;c
39;5.96;ab
67;6.07;top
64;7.56;ab
65;4.88;a
20;1.29;c
20;0.21;a
27;10.09;a
8;10.66;top
34;2.9;b
8;3.4;ab
90;8.75;a
36;8.93;top
10;9.21;a
35;8.82;a
56;10.13;b
95;8.48;b
29;10.49;ab
21;0.66;a
62;3.39;b
95;1.61;ab
72;0.14;b
5;10.02;b
45;2.85;top
95;6.95;top
67;4.27;a
48;4.01;ab
98;6.77;c
76;8.45;a
39;8.57;a
5;4.64;a
40;5.79;b
46;1.95;b
65;5.3;ab
19;0.89;b
91;1.03;b
69;11.0;c
65;0.83;top
29;1.44;ab
22;6.01;c
12;2.57;b
4;3.22;top
12;5.78;top
44;8.8;a
39;10.07;a
67;0.73;c
98;4.58;b
35;6.08;c
12;3.74;top
37;0.01;b
22;1.81;c
20;2.99;a
68;8.19;ab
100;8.77;ab
8;9.74;c
66;7.99;top
90;1.91;ab
42;3.86;b
97;3.85;a
52;10.12;c
78;4.82;top
14;6.16;a
64;3.45;top
14;6.31;a
100;4.23;a
89;0.8;b
85;6.36;a
89;5.73;b
78;9.86;top
36;5.4;b
52;3.99;top
7;7.21;a
28;3.7;ab
64;8.58;c
45;8.72;a
98;3.35;ab
81;3.9;c
44;9.76;top
3;6.41;ab
12;1.77;b
22;2.91;c
92;9.12;ab
69;2.39;b
86;1.58;ab
56;4.73;a
65;8.18;c
86;2.28;ab
84;9.17;top
70;3.73;c
25;7.3;c
70;2.52;c
1;3.71;ab
48;3.63;top
56;0.21;a
98;2.46;top
20;8.14;a
76;1.52;c
36;1.32;c
78;8.36;ab
42;5.42;a
23;7.91;c
19;1.31;ab
88;2.61;b
46;4.31;ab
95;0.38;ab
62;2.37;b
6;8.15;ab
40;0.07;ab
96;8.18;b
98;1.12;top
68;6.76;c
6;7.77;c
54;10.89;b
62;9.92;b
20;0.82;a
63;7.05;a
75;7.97;c
100;1.23;top
62;4.58;ab
90;3.59;b
42;2.88;b
27;3.25;b
82;7.14;ab
86;7.7;ab
86;0.0;c
10;5.84;c
47;6.7;c
59;8.57;c
79;5.65;c
100;9.67;c
95;9.67;b
78;3.33;c
24;4.79;b
29;3.9;b
28;0.78;a
14;10.83;a
57;9.31;ab
50;1.94;a
22;3.23;a
68;2.79;ab
75;1.01;ab
93;3.16;a
97;9.63;a
58;6.78;top
61;2.54;a
51;4.38;c
6;7.11;c
15;0.13;ab
66;6.08;top
31;0.75;ab
40;3.99;top
2;8.81;c
60;9.38;ab
24;6.2;b
66;0.77;ab
62;2.78;b
91;4.55;top
95;5.61;top
27;5.45;c
66;7.41;ab
81;9.6;ab
78;6.47;b
94;8.38;ab
100;5.93;c
64;4.74;a
33;8.46;a
34;0.05;c
27;3.06;b
46;0.94;c
14;9.41;ab
24;7.77;top
5;6.32;ab
40;9.11;a
32;3.62;c
61;8.9;a
53;3.46;a
2;0.03;top
31;8.25;c
6;10.23;a
90;6.25;ab
71;2.94;c
100;2.42;ab
87;2.58;top
90;2.54;a
4;9.21;ab
92;7.34;b
49;8.77;c
32;2.08;a
30;10.73;b
27;10.38;top
8;5.57;ab
37;1.87;top
98;9.85;c
95;0.0;top
74;9.16;b
14;6.81;c
66;5.9;b
82;7.02;ab
19;0.36;ab
69;2.87;a
60;9.81;ab
99;6.51;top
32;6.48;c
39;2.28;ab
26;9.23;b
80;10.46;c
76;10.71;a
54;8.27;b
19;7.25;top
62;1.81;b
32;0.41;b
57;2.4;c
16;7.53;ab
97;1.6;ab
6;6.51;top
9;5.51;top
54;8.55;ab
29;2.41;b
32;0.09;a
72;1.96;ab
24;6.15;c
53;10.16;top
96;9.8;ab
56;3.4;a
69;6.73;a
32;10.05;c
50;1.66;ab
56;3.54;b
73;0.69;a
35;5.23;top
24;0.41;b
22;6.56;top
34;2.88;ab
41;4.43;top
24;10.39;c
42;6.98;b
56;5.46;ab
95;2.69;ab
80;0.78;a
27;10.34;c
18;10.04;ab
30;1.78;ab
99;2.53;top
28;10.91;top
84;1.28;top
86;10.18;a
18;4.35;c
24;10.34;c
75;1.21;a
90;8.53;b
70;8.65;top
59;9.86;b
18;5.96;top
76;1.95;top
4;6.15;c
28;10.49;b
33;4.75;a
57;7.74;top
35;4.81;a
21;3.47;top
29;9.09;top
93;6.18;c
95;8.98;ab
91;1.74;c
27;0.88;top
92;5.68;a
21;2.17;ab
3;1.23;top
21;7.56;ab
57;2.24;b
11;10.75;top
69;5.26;ab
41;9.66;top
66;1.16;a
12;10.42;top
88;6.36;b
93;4.36;b
34;7.42;ab
41;0.45;ab
39;9.32;b
88;1.94;ab
7;4.04;top
44;1.68;a
2;6.18;ab
68;9.16;c
82;6.57;a
40;1.26;top
1;3.57;top
8;1.93;ab
52;9.38;c
17;1.19;top
90;7.6;a
51;2.08;a
22;5.27;a
63;1.31;a
35;6.13;ab
96;1.66;a
50;9.89;top
63;2.45;ab
56;2.21;b
58;9.36;c
93;2.81;top
85;8.54;b
38;1.0;b
51;1.01;top
81;8.05;c
35;9.25;a
22;9.41;ab
81;10.09;a
38;0.79;b
62;4.24;top
24;0.31;c
54;2.78;top
24;0.34;a
45;1.08;a
66;5.08;c
13;9.93;a
72;8.54;b
76;9.67;top
100;5.83;top
69;1.2;a
37;5.31;top
33;3.37;c
62;5.43;a
10;0.9;b
83;7.01;c
21;7.39;ab
94;7.42;c
74;2.52;top
85;8.72;c
87;4.19;a
5;3.29;ab
28;0.02;b
9;8.68;c
78;8.7;ab
81;1.69;top
5;6.08;top
91;7.5;a
75;8.84;ab
47;4.6;b
75;7.23;c
56;9.84;b
23;8.63;a
47;3.54;b
48;6.37;c
23;3.78;c
50;6.72;top
2;5.37;c
53;9.04;b
89;5.87;c
30;10.23;b
48;1.06;ab
27;10.66;ab
4;9.76;c
55;10.25;c
76;2.79;ab
12;0.41;c
60;8.91;c
101;2.37;a
17;2.12;c
47;0.57;a
72;2.63;top
3;6.04;top
57;1.89;b
92;8.45;c
14;7.57;c
96;6.7;top
58;2.47;ab
37;8.22;top
45;0.34;c
61;10.99;ab
33;1.25;c
75;2.36;ab
31;6.0;a
95;1.31;ab
95;1.52;a
39;4.37;ab
48;10.43;a
100;7.82;top
77;7.29;b
31;3.13;ab
42;4.95;a
46;1.43;b
3;5.48;c
5;0.0;c
42;0.66;a
61;7.42;b
43;5.69;a
72;2.48;a
89;7.3;b
55;5.83;b
91;1.39;top
36;4.06;top
11;6.79;b
77;1.63;c
44;5.32;ab
92;4.62;b
53;9.5;top
61;1.37;b
78;6.38;b
29;7.54;b
54;9.08;top
16;9.88;c
40;6.26;top
31;9.2;top
22;6.44;ab
53;9.13;a
10;10.78;c
67;10.72;top
42;0.98;a
78;5.28;b
99;7.41;top
9;7.07;top
40;4.38;b
68;1.71;top
78;7.64;ab
17;10.82;ab
68;2.52;top
16;0.45;top
75;4.16;b
92;5.29;top
84;3.18;ab
31;5.19;c
67;3.92;c
72;10.73;a
63;1.87;a
5;1.95;a
57;3.62;c
30;9.91;b
28;8.6;a
87;6.14;b
17;8.15;top
97;10.19;a
20;6.69;ab
41;3.38;b
37;8.01;a
19;4.96;b
31;2.95;a
63;10.4;top
12;10.83;top
24;7.04;c
66;1.57;c
89;1.02;ab
47;4.47;b
45;10.32;b
15;0.81;c
21;5.87;top
73;7.18;a
49;2.94;c
48;4.23;c
50;4.32;ab
9;0.08;b
43;3.67;ab
68;8.06;top
53;0.01;a
92;1.7;a
75;8.16;c
75;5.92;c
92;2.7;b
71;8.41;a
41;9.43;top
35;10.99;top
55;5.45;b
57;0.08;a
64;6.76;a
61;10.47;c
91;4.35;top
39;4.13;b
24;7.71;top
33;0.73;ab
50;1.26;b
29;4.92;a
28;8.94;top
32;1.62;b
33;9.35;c
98;5.17;c
74;10.25;b
54;5.77;c
89;7.32;c
5;9.76;a
31;8.8;b
35;8.97;b
37;10.68;top
41;2.07;b
41;0.49;c
98;5.81;c
95;2.35;b
31;7.95;ab
32;7.09;top
6;3.19;a
32;6.62;c
73;3.73;c
77;7.4;c
85;7.6;a
94;10.08;c
4;10.87;b
40;5.6;c
41;10.89;c
52;8.09;b
26;7.39;ab
10;10.67;ab
101;2.27;c
84;7.05;top
23;3.91;c
5;0.41;a
30;3.67;a
90;2.28;ab
57;8.1;a
83;1.52;top
27;7.55;b
91;9.53;c
31;10.82;ab
21;1.74;ab
89;6.98;a
72;10.24;b
48;9.28;ab
22;6.94;b
96;2.48;b
65;4.13;ab
3;7.9;top
76;8.81;ab
59;5.01;top
84;1.84;c
91;6.87;top
81;5.5;a
35;2.02;top
59;2.48;top
25;1.46;b
99;0.18;top
1;10.44;c
22;3.58;top
80;7.54;a
8;4.6;a
36;2.17;c
54;5.58;b
23;10.12;a
62;0.09;b
57;7.27;c
94;8.88;b
83;9.49;ab
91;9.39;top
11;10.01;a
62;4.28;c
80;1.52;ab
80;6.41;a
10;3.45;top
48;4.12;ab
19;6.26;ab
27;9.92;top
75;10.19;b
78;10.44;top
101;8.68;top
61;5.45;c
7;0.58;top
51;6.19;a
22;8.25;c
67;3.14;c
17;5.34;c
8;3.13;b
68;2.87;ab
58;2.38;a
82;7.47;b
85;6.88;b
8;10.16;c
85;0.14;a
96;4.0;b
46;4.55;b
47;1.18;c
72;6.7;top
45;3.77;c
11;5.62;ab
18;9.12;a
26;2.05;a
21;5.44;c
28;5.07;top
